[
    {
        "path": "obstaculo2.png",
        "pos": [
            437,
            510
        ],
        "angle": 0
    },
    {
        "path": "bandera.png",
        "pos": [
            827,
            94
        ],
        "angle": 0
    },
    {
        "path": "robot.png",
        "pos": [
            176,
            593
        ],
        "angle": 0
    },
    {
        "path": "obstaculo4.png",
        "pos": [
            847,
            360
        ],
        "angle": 0
    },
    {
        "path": "obstaculo5.png",
        "pos": [
            506,
            114
        ],
        "angle": 39.86
    },
    {
        "path": "obstaculo6.png",
        "pos": [
            179,
            255
        ],
        "angle": 0
    }
]